<?xml version="1.0" encoding="utf-8"?>
<mappa width="0" height="6">
	<row>
	</row>
	<row>
		<cell>.</cell>
		<cell>.</cell>
		<cell>.</cell>
		<cell>.</cell>
		<cell>.</cell>
	</row>
	<row>
		<cell>.</cell>
		<cell>.</cell>
		<cell>K</cell>
		<cell>.</cell>
		<cell>.</cell>
	</row>
	<row>
		<cell>.</cell>
		<cell>.</cell>
		<cell>.</cell>
		<cell>.</cell>
		<cell>.</cell>
	</row>
	<row>
		<cell>.</cell>
		<cell>.</cell>
		<cell>.</cell>
		<cell>.</cell>
		<cell>.</cell>
	</row>
	<row>
		<cell>.</cell>
		<cell>.</cell>
		<cell>T</cell>
		<cell>.</cell>
		<cell>.</cell>
	</row>
</mappa>